<?xml version="1.0"?>
<!DOCTYPE hibernate-mapping PUBLIC "-//Hibernate/Hibernate Mapping DTD 3.0//EN"
"http://www.hibernate.org/dtd/hibernate-mapping-3.0.dtd">
<!-- Generated Aug 27, 2018 8:04:03 AM by Hibernate Tools 4.3.1 -->
<hibernate-mapping>
    <class name="Flight.entity.Flight" table="flight" catalog="airlinedb" optimistic-lock="version">
        <id name="flightId" type="java.lang.Long">
            <column name="Flight_id" />
            <generator class="identity" />
        </id>
        <property name="planeName" type="string">
            <column name="Plane_name" length="128" />
        </property>
        <property name="airline" type="string">
            <column name="Airline" length="128" />
        </property>
        <property name="departure" type="string">
            <column name="Departure" length="252" />
        </property>
        <property name="destination" type="string">
            <column name="Destination" length="128" />
        </property>
        <property name="estTravelTime" type="string">
            <column name="Est_Travel_Time" length="128" />
        </property>
    </class>
</hibernate-mapping>
